Course.id,Email_address,First_name,Last_name,Marks,grades
DATA300,student1@example.com,Student1,Last1,61,B
DATA300,student2@example.com,Student2,Last2,79,C
DATA400,student3@example.com,Student3,Last3,72,A
DATA200,student4@example.com,Student4,Last4,86,D
DATA300,student5@example.com,Student5,Last5,95,B
DATA200,student6@example.com,Student6,Last6,96,D
DATA200,student7@example.com,Student7,Last7,75,A
DATA200,student8@example.com,Student8,Last8,73,B
DATA400,student9@example.com,Student9,Last9,73,D
DATA300,student10@example.com,Student10,Last10,54,F
DATA300,student11@example.com,Student11,Last11,96,C
DATA200,student12@example.com,Student12,Last12,97,F
DATA300,student13@example.com,Student13,Last13,85,A
DATA300,student14@example.com,Student14,Last14,94,F
DATA400,student15@example.com,Student15,Last15,67,A
DATA200,student16@example.com,Student16,Last16,95,C
DATA200,student17@example.com,Student17,Last17,54,B
DATA300,student18@example.com,Student18,Last18,97,D
DATA200,student19@example.com,Student19,Last19,76,A
DATA400,student20@example.com,Student20,Last20,80,A
DATA300,student21@example.com,Student21,Last21,68,B
DATA200,student22@example.com,Student22,Last22,51,F
DATA300,student23@example.com,Student23,Last23,84,C
DATA400,student24@example.com,Student24,Last24,57,A
DATA400,student25@example.com,Student25,Last25,56,A
DATA400,student26@example.com,Student26,Last26,94,D
DATA200,student27@example.com,Student27,Last27,52,B
DATA200,student28@example.com,Student28,Last28,80,B
DATA200,student29@example.com,Student29,Last29,51,C
DATA200,student30@example.com,Student30,Last30,85,B
DATA300,student31@example.com,Student31,Last31,93,A
DATA300,student32@example.com,Student32,Last32,78,A
DATA400,student33@example.com,Student33,Last33,77,B
DATA400,student34@example.com,Student34,Last34,93,F
DATA300,student35@example.com,Student35,Last35,76,C
DATA300,student36@example.com,Student36,Last36,88,B
DATA200,student37@example.com,Student37,Last37,91,B
DATA200,student38@example.com,Student38,Last38,56,D
DATA300,student39@example.com,Student39,Last39,92,F
DATA300,student40@example.com,Student40,Last40,79,A
DATA200,student41@example.com,Student41,Last41,79,B
DATA300,student42@example.com,Student42,Last42,54,C
DATA400,student43@example.com,Student43,Last43,71,C
DATA200,student44@example.com,Student44,Last44,91,F
DATA200,student45@example.com,Student45,Last45,66,F
DATA200,student46@example.com,Student46,Last46,60,B
DATA300,student47@example.com,Student47,Last47,84,A
DATA300,student48@example.com,Student48,Last48,65,F
DATA200,student49@example.com,Student49,Last49,85,A
DATA400,student50@example.com,Student50,Last50,55,B
DATA200,student51@example.com,Student51,Last51,88,F
DATA400,student52@example.com,Student52,Last52,59,A
DATA200,student53@example.com,Student53,Last53,75,C
DATA400,student54@example.com,Student54,Last54,97,C
DATA200,student55@example.com,Student55,Last55,52,D
DATA300,student56@example.com,Student56,Last56,70,D
DATA300,student57@example.com,Student57,Last57,91,C
DATA300,student58@example.com,Student58,Last58,83,A
DATA400,student59@example.com,Student59,Last59,70,B
DATA200,student60@example.com,Student60,Last60,87,A
DATA400,student61@example.com,Student61,Last61,53,C
DATA400,student62@example.com,Student62,Last62,58,A
DATA300,student63@example.com,Student63,Last63,88,B
DATA400,student64@example.com,Student64,Last64,85,F
DATA400,student65@example.com,Student65,Last65,86,F
DATA400,student66@example.com,Student66,Last66,55,C
DATA400,student67@example.com,Student67,Last67,77,A
DATA200,student68@example.com,Student68,Last68,67,F
DATA300,student69@example.com,Student69,Last69,57,C
DATA200,student70@example.com,Student70,Last70,53,D
DATA400,student71@example.com,Student71,Last71,65,C
DATA300,student72@example.com,Student72,Last72,73,B
DATA300,student73@example.com,Student73,Last73,52,D
DATA400,student74@example.com,Student74,Last74,55,D
DATA400,student75@example.com,Student75,Last75,56,D
DATA200,student76@example.com,Student76,Last76,77,D
DATA300,student77@example.com,Student77,Last77,57,F
DATA200,student78@example.com,Student78,Last78,89,F
DATA300,student79@example.com,Student79,Last79,79,F
DATA300,student80@example.com,Student80,Last80,64,C
DATA400,student81@example.com,Student81,Last81,77,C
DATA300,student82@example.com,Student82,Last82,100,F
DATA300,student83@example.com,Student83,Last83,63,C
DATA400,student84@example.com,Student84,Last84,98,A
DATA200,student85@example.com,Student85,Last85,96,B
DATA300,student86@example.com,Student86,Last86,83,B
DATA400,student87@example.com,Student87,Last87,59,A
DATA300,student88@example.com,Student88,Last88,61,B
DATA300,student89@example.com,Student89,Last89,87,F
DATA200,student90@example.com,Student90,Last90,88,B
DATA200,student91@example.com,Student91,Last91,88,F
DATA400,student92@example.com,Student92,Last92,89,A
DATA400,student93@example.com,Student93,Last93,97,F
DATA400,student94@example.com,Student94,Last94,73,B
DATA400,student95@example.com,Student95,Last95,72,F
DATA300,student96@example.com,Student96,Last96,61,A
DATA400,student97@example.com,Student97,Last97,61,C
DATA300,student98@example.com,Student98,Last98,69,B
DATA300,student99@example.com,Student99,Last99,80,F
DATA200,student100@example.com,Student100,Last100,85,B
DATA300,student101@example.com,Student101,Last101,60,F
DATA300,student102@example.com,Student102,Last102,58,A
DATA200,student103@example.com,Student103,Last103,69,D
DATA400,student104@example.com,Student104,Last104,57,B
DATA300,student105@example.com,Student105,Last105,57,A
DATA200,student106@example.com,Student106,Last106,84,A
DATA300,student107@example.com,Student107,Last107,100,B
DATA200,student108@example.com,Student108,Last108,57,B
DATA200,student109@example.com,Student109,Last109,69,C
DATA300,student110@example.com,Student110,Last110,53,A
DATA400,student111@example.com,Student111,Last111,80,F
DATA300,student112@example.com,Student112,Last112,99,C
DATA400,student113@example.com,Student113,Last113,65,A
DATA300,student114@example.com,Student114,Last114,81,A
DATA200,student115@example.com,Student115,Last115,87,D
DATA300,student116@example.com,Student116,Last116,74,B
DATA400,student117@example.com,Student117,Last117,89,C
DATA300,student118@example.com,Student118,Last118,64,B
DATA400,student119@example.com,Student119,Last119,84,A
DATA300,student120@example.com,Student120,Last120,64,B
DATA300,student121@example.com,Student121,Last121,94,B
DATA400,student122@example.com,Student122,Last122,78,C
DATA400,student123@example.com,Student123,Last123,54,A
DATA300,student124@example.com,Student124,Last124,96,C
DATA400,student125@example.com,Student125,Last125,50,C
DATA300,student126@example.com,Student126,Last126,78,A
DATA300,student127@example.com,Student127,Last127,75,D
DATA400,student128@example.com,Student128,Last128,79,B
DATA300,student129@example.com,Student129,Last129,64,A
DATA300,student130@example.com,Student130,Last130,60,A
DATA200,student131@example.com,Student131,Last131,64,C
DATA300,student132@example.com,Student132,Last132,71,A
DATA400,student133@example.com,Student133,Last133,51,A
DATA200,student134@example.com,Student134,Last134,81,B
DATA300,student135@example.com,Student135,Last135,94,A
DATA400,student136@example.com,Student136,Last136,71,D
DATA400,student137@example.com,Student137,Last137,93,D
DATA400,student138@example.com,Student138,Last138,99,D
DATA300,student139@example.com,Student139,Last139,60,F
DATA300,student140@example.com,Student140,Last140,55,C
DATA200,student141@example.com,Student141,Last141,68,F
DATA200,student142@example.com,Student142,Last142,80,C
DATA300,student143@example.com,Student143,Last143,85,A
DATA200,student144@example.com,Student144,Last144,92,D
DATA400,student145@example.com,Student145,Last145,88,A
DATA400,student146@example.com,Student146,Last146,83,B
DATA300,student147@example.com,Student147,Last147,81,B
DATA300,student148@example.com,Student148,Last148,55,D
DATA300,student149@example.com,Student149,Last149,61,F
DATA200,student150@example.com,Student150,Last150,90,F
DATA400,student151@example.com,Student151,Last151,100,D
DATA400,student152@example.com,Student152,Last152,92,F
DATA400,student153@example.com,Student153,Last153,83,B
DATA300,student154@example.com,Student154,Last154,85,A
DATA200,student155@example.com,Student155,Last155,93,D
DATA200,student156@example.com,Student156,Last156,84,D
DATA200,student157@example.com,Student157,Last157,89,F
DATA400,student158@example.com,Student158,Last158,58,B
DATA400,student159@example.com,Student159,Last159,99,B
DATA300,student160@example.com,Student160,Last160,65,A
DATA300,student161@example.com,Student161,Last161,52,D
DATA400,student162@example.com,Student162,Last162,80,D
DATA400,student163@example.com,Student163,Last163,86,F
DATA200,student164@example.com,Student164,Last164,56,A
DATA300,student165@example.com,Student165,Last165,71,F
DATA400,student166@example.com,Student166,Last166,77,D
DATA400,student167@example.com,Student167,Last167,70,F
DATA300,student168@example.com,Student168,Last168,72,D
DATA200,student169@example.com,Student169,Last169,52,D
DATA400,student170@example.com,Student170,Last170,96,A
DATA200,student171@example.com,Student171,Last171,87,A
DATA200,student172@example.com,Student172,Last172,89,C
DATA200,student173@example.com,Student173,Last173,98,D
DATA200,student174@example.com,Student174,Last174,69,F
DATA200,student175@example.com,Student175,Last175,89,C
DATA300,student176@example.com,Student176,Last176,69,F
DATA400,student177@example.com,Student177,Last177,62,D
DATA300,student178@example.com,Student178,Last178,54,F
DATA300,student179@example.com,Student179,Last179,68,A
DATA400,student180@example.com,Student180,Last180,95,F
DATA300,student181@example.com,Student181,Last181,80,F
DATA400,student182@example.com,Student182,Last182,82,B
DATA300,student183@example.com,Student183,Last183,94,D
DATA200,student184@example.com,Student184,Last184,69,A
DATA200,student185@example.com,Student185,Last185,53,C
DATA300,student186@example.com,Student186,Last186,91,C
DATA300,student187@example.com,Student187,Last187,76,B
DATA200,student188@example.com,Student188,Last188,89,B
DATA400,student189@example.com,Student189,Last189,76,B
DATA200,student190@example.com,Student190,Last190,91,A
DATA300,student191@example.com,Student191,Last191,93,C
DATA400,student192@example.com,Student192,Last192,66,A
DATA300,student193@example.com,Student193,Last193,55,A
DATA400,student194@example.com,Student194,Last194,59,C
DATA200,student195@example.com,Student195,Last195,52,F
DATA400,student196@example.com,Student196,Last196,53,A
DATA200,student197@example.com,Student197,Last197,89,C
DATA300,student198@example.com,Student198,Last198,86,A
DATA300,student199@example.com,Student199,Last199,94,C
DATA400,student200@example.com,Student200,Last200,66,F
DATA400,student201@example.com,Student201,Last201,67,C
DATA400,student202@example.com,Student202,Last202,63,A
DATA400,student203@example.com,Student203,Last203,55,F
DATA300,student204@example.com,Student204,Last204,54,F
DATA200,student205@example.com,Student205,Last205,96,D
DATA400,student206@example.com,Student206,Last206,71,A
DATA400,student207@example.com,Student207,Last207,98,F
DATA400,student208@example.com,Student208,Last208,57,D
DATA200,student209@example.com,Student209,Last209,84,A
DATA300,student210@example.com,Student210,Last210,54,D
DATA200,student211@example.com,Student211,Last211,90,B
DATA200,student212@example.com,Student212,Last212,74,A
DATA400,student213@example.com,Student213,Last213,81,B
DATA200,student214@example.com,Student214,Last214,97,C
DATA300,student215@example.com,Student215,Last215,66,D
DATA300,student216@example.com,Student216,Last216,68,D
DATA200,student217@example.com,Student217,Last217,70,C
DATA400,student218@example.com,Student218,Last218,86,C
DATA200,student219@example.com,Student219,Last219,50,A
DATA300,student220@example.com,Student220,Last220,55,D
DATA400,student221@example.com,Student221,Last221,92,B
DATA300,student222@example.com,Student222,Last222,96,F
DATA200,student223@example.com,Student223,Last223,84,D
DATA300,student224@example.com,Student224,Last224,77,A
DATA400,student225@example.com,Student225,Last225,59,B
DATA200,student226@example.com,Student226,Last226,75,F
DATA400,student227@example.com,Student227,Last227,63,A
DATA400,student228@example.com,Student228,Last228,80,A
DATA200,student229@example.com,Student229,Last229,84,D
DATA400,student230@example.com,Student230,Last230,53,C
DATA400,student231@example.com,Student231,Last231,85,A
DATA200,student232@example.com,Student232,Last232,69,F
DATA300,student233@example.com,Student233,Last233,88,C
DATA400,student234@example.com,Student234,Last234,60,F
DATA400,student235@example.com,Student235,Last235,76,C
DATA200,student236@example.com,Student236,Last236,97,B
DATA300,student237@example.com,Student237,Last237,87,C
DATA300,student238@example.com,Student238,Last238,64,C
DATA400,student239@example.com,Student239,Last239,96,A
DATA300,student240@example.com,Student240,Last240,88,B
DATA300,student241@example.com,Student241,Last241,73,B
DATA400,student242@example.com,Student242,Last242,86,B
DATA300,student243@example.com,Student243,Last243,78,D
DATA400,student244@example.com,Student244,Last244,75,F
DATA300,student245@example.com,Student245,Last245,85,D
DATA200,student246@example.com,Student246,Last246,85,B
DATA200,student247@example.com,Student247,Last247,91,B
DATA400,student248@example.com,Student248,Last248,81,F
DATA200,student249@example.com,Student249,Last249,83,D
DATA200,student250@example.com,Student250,Last250,80,B
DATA300,student251@example.com,Student251,Last251,87,B
DATA400,student252@example.com,Student252,Last252,80,B
DATA400,student253@example.com,Student253,Last253,73,A
DATA300,student254@example.com,Student254,Last254,58,A
DATA400,student255@example.com,Student255,Last255,86,B
DATA400,student256@example.com,Student256,Last256,74,F
DATA200,student257@example.com,Student257,Last257,58,B
DATA300,student258@example.com,Student258,Last258,54,B
DATA300,student259@example.com,Student259,Last259,52,D
DATA200,student260@example.com,Student260,Last260,68,A
DATA200,student261@example.com,Student261,Last261,54,F
DATA400,student262@example.com,Student262,Last262,83,F
DATA400,student263@example.com,Student263,Last263,99,D
DATA400,student264@example.com,Student264,Last264,58,B
DATA400,student265@example.com,Student265,Last265,98,D
DATA400,student266@example.com,Student266,Last266,73,D
DATA300,student267@example.com,Student267,Last267,84,D
DATA200,student268@example.com,Student268,Last268,69,D
DATA200,student269@example.com,Student269,Last269,63,B
DATA300,student270@example.com,Student270,Last270,68,F
DATA400,student271@example.com,Student271,Last271,99,C
DATA300,student272@example.com,Student272,Last272,97,A
DATA200,student273@example.com,Student273,Last273,98,A
DATA400,student274@example.com,Student274,Last274,78,D
DATA400,student275@example.com,Student275,Last275,89,F
DATA400,student276@example.com,Student276,Last276,81,A
DATA300,student277@example.com,Student277,Last277,60,D
DATA200,student278@example.com,Student278,Last278,85,A
DATA400,student279@example.com,Student279,Last279,84,B
DATA200,student280@example.com,Student280,Last280,69,A
DATA200,student281@example.com,Student281,Last281,60,A
DATA300,student282@example.com,Student282,Last282,67,F
DATA400,student283@example.com,Student283,Last283,95,F
DATA200,student284@example.com,Student284,Last284,56,C
DATA400,student285@example.com,Student285,Last285,74,B
DATA300,student286@example.com,Student286,Last286,94,D
DATA400,student287@example.com,Student287,Last287,76,D
DATA200,student288@example.com,Student288,Last288,100,D
DATA400,student289@example.com,Student289,Last289,55,D
DATA200,student290@example.com,Student290,Last290,90,C
DATA300,student291@example.com,Student291,Last291,90,F
DATA200,student292@example.com,Student292,Last292,66,F
DATA300,student293@example.com,Student293,Last293,69,A
DATA400,student294@example.com,Student294,Last294,56,A
DATA300,student295@example.com,Student295,Last295,78,B
DATA300,student296@example.com,Student296,Last296,57,B
DATA200,student297@example.com,Student297,Last297,51,D
DATA400,student298@example.com,Student298,Last298,92,D
DATA200,student299@example.com,Student299,Last299,57,C
DATA300,student300@example.com,Student300,Last300,75,A
DATA400,student301@example.com,Student301,Last301,61,C
DATA400,student302@example.com,Student302,Last302,63,D
DATA400,student303@example.com,Student303,Last303,58,C
DATA400,student304@example.com,Student304,Last304,97,B
DATA200,student305@example.com,Student305,Last305,51,D
DATA200,student306@example.com,Student306,Last306,84,D
DATA400,student307@example.com,Student307,Last307,95,F
DATA400,student308@example.com,Student308,Last308,99,C
DATA400,student309@example.com,Student309,Last309,93,A
DATA200,student310@example.com,Student310,Last310,97,D
DATA300,student311@example.com,Student311,Last311,92,D
DATA300,student312@example.com,Student312,Last312,76,C
DATA300,student313@example.com,Student313,Last313,94,F
DATA300,student314@example.com,Student314,Last314,52,C
DATA200,student315@example.com,Student315,Last315,88,F
DATA200,student316@example.com,Student316,Last316,65,F
DATA300,student317@example.com,Student317,Last317,68,B
DATA400,student318@example.com,Student318,Last318,52,B
DATA200,student319@example.com,Student319,Last319,68,F
DATA300,student320@example.com,Student320,Last320,63,D
DATA200,student321@example.com,Student321,Last321,94,D
DATA300,student322@example.com,Student322,Last322,94,B
DATA300,student323@example.com,Student323,Last323,96,D
DATA400,student324@example.com,Student324,Last324,83,C
DATA200,student325@example.com,Student325,Last325,53,B
DATA300,student326@example.com,Student326,Last326,72,D
DATA400,student327@example.com,Student327,Last327,78,F
DATA400,student328@example.com,Student328,Last328,93,C
DATA400,student329@example.com,Student329,Last329,53,A
DATA300,student330@example.com,Student330,Last330,66,D
DATA200,student331@example.com,Student331,Last331,62,D
DATA400,student332@example.com,Student332,Last332,87,F
DATA400,student333@example.com,Student333,Last333,90,C
DATA400,student334@example.com,Student334,Last334,68,D
DATA200,student335@example.com,Student335,Last335,76,B
DATA400,student336@example.com,Student336,Last336,96,F
DATA200,student337@example.com,Student337,Last337,51,B
DATA200,student338@example.com,Student338,Last338,74,D
DATA400,student339@example.com,Student339,Last339,94,A
DATA200,student340@example.com,Student340,Last340,71,B
DATA200,student341@example.com,Student341,Last341,89,F
DATA300,student342@example.com,Student342,Last342,79,D
DATA400,student343@example.com,Student343,Last343,81,D
DATA300,student344@example.com,Student344,Last344,52,D
DATA200,student345@example.com,Student345,Last345,61,B
DATA200,student346@example.com,Student346,Last346,50,A
DATA200,student347@example.com,Student347,Last347,58,C
DATA200,student348@example.com,Student348,Last348,59,A
DATA400,student349@example.com,Student349,Last349,57,A
DATA400,student350@example.com,Student350,Last350,95,C
DATA300,student351@example.com,Student351,Last351,66,C
DATA200,student352@example.com,Student352,Last352,88,F
DATA300,student353@example.com,Student353,Last353,84,D
DATA300,student354@example.com,Student354,Last354,75,A
DATA400,student355@example.com,Student355,Last355,52,B
DATA300,student356@example.com,Student356,Last356,62,C
DATA300,student357@example.com,Student357,Last357,79,D
DATA200,student358@example.com,Student358,Last358,56,C
DATA200,student359@example.com,Student359,Last359,94,D
DATA300,student360@example.com,Student360,Last360,98,D
DATA300,student361@example.com,Student361,Last361,90,B
DATA400,student362@example.com,Student362,Last362,89,B
DATA300,student363@example.com,Student363,Last363,68,F
DATA400,student364@example.com,Student364,Last364,66,A
DATA300,student365@example.com,Student365,Last365,91,C
DATA300,student366@example.com,Student366,Last366,69,F
DATA300,student367@example.com,Student367,Last367,60,B
DATA400,student368@example.com,Student368,Last368,86,B
DATA200,student369@example.com,Student369,Last369,94,C
DATA300,student370@example.com,Student370,Last370,97,B
DATA200,student371@example.com,Student371,Last371,69,F
DATA300,student372@example.com,Student372,Last372,62,A
DATA400,student373@example.com,Student373,Last373,97,F
DATA300,student374@example.com,Student374,Last374,68,C
DATA400,student375@example.com,Student375,Last375,76,B
DATA200,student376@example.com,Student376,Last376,93,B
DATA300,student377@example.com,Student377,Last377,66,F
DATA400,student378@example.com,Student378,Last378,83,F
DATA200,student379@example.com,Student379,Last379,100,F
DATA400,student380@example.com,Student380,Last380,57,C
DATA200,student381@example.com,Student381,Last381,92,F
DATA300,student382@example.com,Student382,Last382,82,F
DATA400,student383@example.com,Student383,Last383,68,D
DATA200,student384@example.com,Student384,Last384,52,F
DATA200,student385@example.com,Student385,Last385,55,A
DATA400,student386@example.com,Student386,Last386,68,B
DATA200,student387@example.com,Student387,Last387,73,D
DATA200,student388@example.com,Student388,Last388,98,C
DATA400,student389@example.com,Student389,Last389,97,D
DATA300,student390@example.com,Student390,Last390,70,D
DATA400,student391@example.com,Student391,Last391,71,F
DATA200,student392@example.com,Student392,Last392,55,F
DATA200,student393@example.com,Student393,Last393,84,A
DATA200,student394@example.com,Student394,Last394,69,B
DATA200,student395@example.com,Student395,Last395,79,C
DATA200,student396@example.com,Student396,Last396,52,D
DATA200,student397@example.com,Student397,Last397,86,F
DATA200,student398@example.com,Student398,Last398,99,F
DATA200,student399@example.com,Student399,Last399,83,F
DATA400,student400@example.com,Student400,Last400,71,F
DATA300,student401@example.com,Student401,Last401,87,C
DATA300,student402@example.com,Student402,Last402,67,A
DATA200,student403@example.com,Student403,Last403,67,A
DATA400,student404@example.com,Student404,Last404,91,C
DATA300,student405@example.com,Student405,Last405,92,B
DATA300,student406@example.com,Student406,Last406,53,B
DATA300,student407@example.com,Student407,Last407,97,F
DATA300,student408@example.com,Student408,Last408,100,A
DATA200,student409@example.com,Student409,Last409,66,A
DATA200,student410@example.com,Student410,Last410,89,D
DATA200,student411@example.com,Student411,Last411,99,D
DATA400,student412@example.com,Student412,Last412,92,C
DATA300,student413@example.com,Student413,Last413,69,D
DATA400,student414@example.com,Student414,Last414,71,C
DATA200,student415@example.com,Student415,Last415,60,A
DATA400,student416@example.com,Student416,Last416,94,A
DATA400,student417@example.com,Student417,Last417,77,A
DATA400,student418@example.com,Student418,Last418,64,F
DATA400,student419@example.com,Student419,Last419,65,B
DATA400,student420@example.com,Student420,Last420,89,A
DATA200,student421@example.com,Student421,Last421,63,A
DATA200,student422@example.com,Student422,Last422,63,C
DATA300,student423@example.com,Student423,Last423,97,A
DATA300,student424@example.com,Student424,Last424,69,A
DATA300,student425@example.com,Student425,Last425,62,D
DATA300,student426@example.com,Student426,Last426,63,A
DATA300,student427@example.com,Student427,Last427,91,B
DATA400,student428@example.com,Student428,Last428,80,B
DATA200,student429@example.com,Student429,Last429,100,B
DATA200,student430@example.com,Student430,Last430,54,C
DATA400,student431@example.com,Student431,Last431,81,D
DATA300,student432@example.com,Student432,Last432,67,F
DATA200,student433@example.com,Student433,Last433,81,D
DATA200,student434@example.com,Student434,Last434,80,B
DATA200,student435@example.com,Student435,Last435,95,A
DATA300,student436@example.com,Student436,Last436,83,C
DATA400,student437@example.com,Student437,Last437,63,A
DATA400,student438@example.com,Student438,Last438,51,D
DATA400,student439@example.com,Student439,Last439,93,F
DATA300,student440@example.com,Student440,Last440,55,D
DATA400,student441@example.com,Student441,Last441,83,D
DATA300,student442@example.com,Student442,Last442,73,F
DATA300,student443@example.com,Student443,Last443,82,B
DATA200,student444@example.com,Student444,Last444,90,C
DATA200,student445@example.com,Student445,Last445,87,B
DATA300,student446@example.com,Student446,Last446,80,C
DATA200,student447@example.com,Student447,Last447,51,A
DATA400,student448@example.com,Student448,Last448,64,B
DATA300,student449@example.com,Student449,Last449,94,D
DATA200,student450@example.com,Student450,Last450,88,B
DATA300,student451@example.com,Student451,Last451,80,A
DATA400,student452@example.com,Student452,Last452,81,C
DATA300,student453@example.com,Student453,Last453,100,F
DATA400,student454@example.com,Student454,Last454,88,B
DATA200,student455@example.com,Student455,Last455,79,A
DATA300,student456@example.com,Student456,Last456,91,D
DATA200,student457@example.com,Student457,Last457,80,D
DATA200,student458@example.com,Student458,Last458,71,A
DATA200,student459@example.com,Student459,Last459,90,B
DATA400,student460@example.com,Student460,Last460,80,D
DATA300,student461@example.com,Student461,Last461,51,D
DATA300,student462@example.com,Student462,Last462,56,A
DATA400,student463@example.com,Student463,Last463,80,D
DATA200,student464@example.com,Student464,Last464,82,A
DATA200,student465@example.com,Student465,Last465,79,F
DATA200,student466@example.com,Student466,Last466,76,B
DATA300,student467@example.com,Student467,Last467,64,A
DATA400,student468@example.com,Student468,Last468,85,B
DATA200,student469@example.com,Student469,Last469,76,B
DATA300,student470@example.com,Student470,Last470,81,A
DATA300,student471@example.com,Student471,Last471,99,A
DATA200,student472@example.com,Student472,Last472,64,D
DATA400,student473@example.com,Student473,Last473,50,F
DATA400,student474@example.com,Student474,Last474,97,B
DATA400,student475@example.com,Student475,Last475,86,C
DATA200,student476@example.com,Student476,Last476,91,F
DATA400,student477@example.com,Student477,Last477,69,B
DATA400,student478@example.com,Student478,Last478,79,B
DATA200,student479@example.com,Student479,Last479,65,B
DATA400,student480@example.com,Student480,Last480,89,F
DATA400,student481@example.com,Student481,Last481,97,C
DATA400,student482@example.com,Student482,Last482,85,C
DATA300,student483@example.com,Student483,Last483,62,A
DATA400,student484@example.com,Student484,Last484,62,B
DATA200,student485@example.com,Student485,Last485,74,D
DATA400,student486@example.com,Student486,Last486,91,F
DATA200,student487@example.com,Student487,Last487,100,F
DATA200,student488@example.com,Student488,Last488,97,A
DATA300,student489@example.com,Student489,Last489,87,B
DATA400,student490@example.com,Student490,Last490,67,D
DATA300,student491@example.com,Student491,Last491,72,B
DATA400,student492@example.com,Student492,Last492,73,B
DATA300,student493@example.com,Student493,Last493,77,B
DATA400,student494@example.com,Student494,Last494,50,A
DATA300,student495@example.com,Student495,Last495,64,B
DATA200,student496@example.com,Student496,Last496,67,F
DATA300,student497@example.com,Student497,Last497,85,B
DATA400,student498@example.com,Student498,Last498,83,A
DATA200,student499@example.com,Student499,Last499,67,D
DATA200,student500@example.com,Student500,Last500,64,F
DATA300,student501@example.com,Student501,Last501,77,C
DATA400,student502@example.com,Student502,Last502,78,D
DATA200,student503@example.com,Student503,Last503,63,D
DATA300,student504@example.com,Student504,Last504,86,F
DATA300,student505@example.com,Student505,Last505,70,C
DATA400,student506@example.com,Student506,Last506,64,D
DATA200,student507@example.com,Student507,Last507,59,C
DATA200,student508@example.com,Student508,Last508,90,F
DATA300,student509@example.com,Student509,Last509,97,F
DATA200,student510@example.com,Student510,Last510,88,D
DATA300,student511@example.com,Student511,Last511,74,A
DATA200,student512@example.com,Student512,Last512,80,F
DATA200,student513@example.com,Student513,Last513,50,B
DATA400,student514@example.com,Student514,Last514,60,B
DATA300,student515@example.com,Student515,Last515,56,C
DATA200,student516@example.com,Student516,Last516,68,D
DATA200,student517@example.com,Student517,Last517,77,F
DATA200,student518@example.com,Student518,Last518,58,B
DATA300,student519@example.com,Student519,Last519,94,B
DATA400,student520@example.com,Student520,Last520,87,A
DATA400,student521@example.com,Student521,Last521,74,F
DATA400,student522@example.com,Student522,Last522,54,D
DATA200,student523@example.com,Student523,Last523,52,F
DATA300,student524@example.com,Student524,Last524,72,D
DATA400,student525@example.com,Student525,Last525,62,C
DATA300,student526@example.com,Student526,Last526,78,F
DATA400,student527@example.com,Student527,Last527,83,F
DATA300,student528@example.com,Student528,Last528,58,B
DATA400,student529@example.com,Student529,Last529,78,F
DATA400,student530@example.com,Student530,Last530,84,A
DATA300,student531@example.com,Student531,Last531,55,D
DATA200,student532@example.com,Student532,Last532,95,D
DATA200,student533@example.com,Student533,Last533,50,A
DATA400,student534@example.com,Student534,Last534,61,C
DATA300,student535@example.com,Student535,Last535,88,F
DATA300,student536@example.com,Student536,Last536,69,B
DATA200,student537@example.com,Student537,Last537,63,D
DATA200,student538@example.com,Student538,Last538,51,B
DATA400,student539@example.com,Student539,Last539,91,F
DATA400,student540@example.com,Student540,Last540,57,D
DATA300,student541@example.com,Student541,Last541,72,B
DATA300,student542@example.com,Student542,Last542,69,A
DATA200,student543@example.com,Student543,Last543,65,F
DATA400,student544@example.com,Student544,Last544,56,F
DATA200,student545@example.com,Student545,Last545,89,C
DATA300,student546@example.com,Student546,Last546,74,D
DATA300,student547@example.com,Student547,Last547,97,B
DATA200,student548@example.com,Student548,Last548,70,D
DATA300,student549@example.com,Student549,Last549,57,D
DATA200,student550@example.com,Student550,Last550,57,D
DATA400,student551@example.com,Student551,Last551,53,D
DATA300,student552@example.com,Student552,Last552,76,F
DATA400,student553@example.com,Student553,Last553,59,D
DATA300,student554@example.com,Student554,Last554,78,A
DATA200,student555@example.com,Student555,Last555,76,D
DATA400,student556@example.com,Student556,Last556,58,D
DATA300,student557@example.com,Student557,Last557,70,F
DATA300,student558@example.com,Student558,Last558,61,B
DATA300,student559@example.com,Student559,Last559,87,B
DATA300,student560@example.com,Student560,Last560,95,C
DATA300,student561@example.com,Student561,Last561,59,C
DATA300,student562@example.com,Student562,Last562,69,C
DATA300,student563@example.com,Student563,Last563,56,A
DATA400,student564@example.com,Student564,Last564,66,C
DATA200,student565@example.com,Student565,Last565,91,C
DATA300,student566@example.com,Student566,Last566,88,C
DATA400,student567@example.com,Student567,Last567,50,C
DATA400,student568@example.com,Student568,Last568,71,B
DATA200,student569@example.com,Student569,Last569,64,D
DATA200,student570@example.com,Student570,Last570,74,C
DATA400,student571@example.com,Student571,Last571,63,B
DATA300,student572@example.com,Student572,Last572,89,D
DATA300,student573@example.com,Student573,Last573,86,F
DATA400,student574@example.com,Student574,Last574,87,B
DATA400,student575@example.com,Student575,Last575,91,D
DATA300,student576@example.com,Student576,Last576,63,B
DATA300,student577@example.com,Student577,Last577,80,D
DATA300,student578@example.com,Student578,Last578,61,C
DATA200,student579@example.com,Student579,Last579,84,A
DATA300,student580@example.com,Student580,Last580,98,A
DATA400,student581@example.com,Student581,Last581,100,D
DATA200,student582@example.com,Student582,Last582,65,C
DATA300,student583@example.com,Student583,Last583,73,F
DATA200,student584@example.com,Student584,Last584,59,F
DATA400,student585@example.com,Student585,Last585,62,B
DATA200,student586@example.com,Student586,Last586,54,A
DATA400,student587@example.com,Student587,Last587,61,C
DATA400,student588@example.com,Student588,Last588,75,C
DATA200,student589@example.com,Student589,Last589,50,C
DATA400,student590@example.com,Student590,Last590,73,F
DATA300,student591@example.com,Student591,Last591,86,B
DATA400,student592@example.com,Student592,Last592,66,C
DATA400,student593@example.com,Student593,Last593,77,C
DATA200,student594@example.com,Student594,Last594,57,F
DATA400,student595@example.com,Student595,Last595,67,C
DATA300,student596@example.com,Student596,Last596,95,F
DATA400,student597@example.com,Student597,Last597,85,A
DATA200,student598@example.com,Student598,Last598,94,A
DATA200,student599@example.com,Student599,Last599,73,F
DATA300,student600@example.com,Student600,Last600,85,C
DATA300,student601@example.com,Student601,Last601,86,B
DATA300,student602@example.com,Student602,Last602,58,C
DATA200,student603@example.com,Student603,Last603,74,D
DATA300,student604@example.com,Student604,Last604,95,A
DATA400,student605@example.com,Student605,Last605,62,A
DATA300,student606@example.com,Student606,Last606,59,F
DATA200,student607@example.com,Student607,Last607,100,F
DATA300,student608@example.com,Student608,Last608,89,D
DATA300,student609@example.com,Student609,Last609,92,D
DATA300,student610@example.com,Student610,Last610,99,B
DATA200,student611@example.com,Student611,Last611,70,F
DATA200,student612@example.com,Student612,Last612,61,D
DATA300,student613@example.com,Student613,Last613,50,F
DATA300,student614@example.com,Student614,Last614,69,B
DATA200,student615@example.com,Student615,Last615,83,A
DATA400,student616@example.com,Student616,Last616,52,B
DATA300,student617@example.com,Student617,Last617,97,F
DATA400,student618@example.com,Student618,Last618,63,C
DATA200,student619@example.com,Student619,Last619,84,F
DATA300,student620@example.com,Student620,Last620,100,C
DATA300,student621@example.com,Student621,Last621,91,F
DATA200,student622@example.com,Student622,Last622,84,A
DATA200,student623@example.com,Student623,Last623,58,C
DATA300,student624@example.com,Student624,Last624,52,F
DATA400,student625@example.com,Student625,Last625,52,C
DATA400,student626@example.com,Student626,Last626,66,A
DATA300,student627@example.com,Student627,Last627,74,F
DATA200,student628@example.com,Student628,Last628,89,F
DATA300,student629@example.com,Student629,Last629,96,A
DATA400,student630@example.com,Student630,Last630,55,A
DATA300,student631@example.com,Student631,Last631,57,D
DATA300,student632@example.com,Student632,Last632,70,B
DATA400,student633@example.com,Student633,Last633,64,F
DATA400,student634@example.com,Student634,Last634,60,D
DATA200,student635@example.com,Student635,Last635,74,B
DATA400,student636@example.com,Student636,Last636,80,D
DATA300,student637@example.com,Student637,Last637,84,D
DATA200,student638@example.com,Student638,Last638,96,F
DATA300,student639@example.com,Student639,Last639,71,B
DATA200,student640@example.com,Student640,Last640,90,C
DATA300,student641@example.com,Student641,Last641,69,B
DATA400,student642@example.com,Student642,Last642,63,A
DATA200,student643@example.com,Student643,Last643,72,F
DATA200,student644@example.com,Student644,Last644,55,D
DATA200,student645@example.com,Student645,Last645,76,C
DATA300,student646@example.com,Student646,Last646,81,B
DATA400,student647@example.com,Student647,Last647,54,F
DATA200,student648@example.com,Student648,Last648,69,F
DATA300,student649@example.com,Student649,Last649,50,F
DATA300,student650@example.com,Student650,Last650,84,C
DATA400,student651@example.com,Student651,Last651,72,A
DATA300,student652@example.com,Student652,Last652,77,F
DATA400,student653@example.com,Student653,Last653,93,D
DATA400,student654@example.com,Student654,Last654,64,B
DATA200,student655@example.com,Student655,Last655,76,C
DATA400,student656@example.com,Student656,Last656,89,C
DATA200,student657@example.com,Student657,Last657,100,D
DATA400,student658@example.com,Student658,Last658,75,B
DATA300,student659@example.com,Student659,Last659,59,F
DATA300,student660@example.com,Student660,Last660,81,D
DATA300,student661@example.com,Student661,Last661,75,C
DATA400,student662@example.com,Student662,Last662,91,C
DATA200,student663@example.com,Student663,Last663,63,F
DATA400,student664@example.com,Student664,Last664,63,F
DATA300,student665@example.com,Student665,Last665,98,F
DATA300,student666@example.com,Student666,Last666,56,D
DATA200,student667@example.com,Student667,Last667,87,F
DATA200,student668@example.com,Student668,Last668,82,C
DATA400,student669@example.com,Student669,Last669,65,C
DATA400,student670@example.com,Student670,Last670,65,C
DATA300,student671@example.com,Student671,Last671,67,F
DATA200,student672@example.com,Student672,Last672,53,D
DATA300,student673@example.com,Student673,Last673,60,F
DATA200,student674@example.com,Student674,Last674,88,C
DATA300,student675@example.com,Student675,Last675,82,C
DATA200,student676@example.com,Student676,Last676,89,B
DATA300,student677@example.com,Student677,Last677,66,C
DATA400,student678@example.com,Student678,Last678,60,C
DATA300,student679@example.com,Student679,Last679,87,F
DATA400,student680@example.com,Student680,Last680,60,F
DATA400,student681@example.com,Student681,Last681,55,D
DATA400,student682@example.com,Student682,Last682,65,C
DATA300,student683@example.com,Student683,Last683,51,A
DATA200,student684@example.com,Student684,Last684,86,F
DATA300,student685@example.com,Student685,Last685,82,B
DATA200,student686@example.com,Student686,Last686,77,B
DATA400,student687@example.com,Student687,Last687,81,D
DATA300,student688@example.com,Student688,Last688,85,B
DATA200,student689@example.com,Student689,Last689,96,F
DATA400,student690@example.com,Student690,Last690,62,D
DATA400,student691@example.com,Student691,Last691,97,B
DATA300,student692@example.com,Student692,Last692,62,B
DATA200,student693@example.com,Student693,Last693,51,B
DATA200,student694@example.com,Student694,Last694,57,B
DATA400,student695@example.com,Student695,Last695,64,A
DATA400,student696@example.com,Student696,Last696,78,B
DATA300,student697@example.com,Student697,Last697,56,F
DATA200,student698@example.com,Student698,Last698,87,C
DATA200,student699@example.com,Student699,Last699,71,C
DATA300,student700@example.com,Student700,Last700,70,A
DATA400,student701@example.com,Student701,Last701,91,D
DATA200,student702@example.com,Student702,Last702,83,A
DATA200,student703@example.com,Student703,Last703,84,F
DATA300,student704@example.com,Student704,Last704,76,B
DATA200,student705@example.com,Student705,Last705,57,D
DATA300,student706@example.com,Student706,Last706,89,D
DATA300,student707@example.com,Student707,Last707,91,F
DATA300,student708@example.com,Student708,Last708,77,F
DATA200,student709@example.com,Student709,Last709,50,D
DATA300,student710@example.com,Student710,Last710,91,B
DATA400,student711@example.com,Student711,Last711,76,A
DATA300,student712@example.com,Student712,Last712,98,D
DATA300,student713@example.com,Student713,Last713,84,C
DATA400,student714@example.com,Student714,Last714,57,F
DATA400,student715@example.com,Student715,Last715,77,D
DATA300,student716@example.com,Student716,Last716,52,C
DATA300,student717@example.com,Student717,Last717,85,B
DATA300,student718@example.com,Student718,Last718,53,D
DATA400,student719@example.com,Student719,Last719,55,B
DATA200,student720@example.com,Student720,Last720,69,C
DATA400,student721@example.com,Student721,Last721,58,B
DATA300,student722@example.com,Student722,Last722,99,D
DATA400,student723@example.com,Student723,Last723,97,F
DATA300,student724@example.com,Student724,Last724,57,A
DATA300,student725@example.com,Student725,Last725,50,B
DATA400,student726@example.com,Student726,Last726,99,D
DATA200,student727@example.com,Student727,Last727,78,C
DATA400,student728@example.com,Student728,Last728,59,A
DATA200,student729@example.com,Student729,Last729,62,A
DATA300,student730@example.com,Student730,Last730,76,F
DATA200,student731@example.com,Student731,Last731,72,A
DATA300,student732@example.com,Student732,Last732,98,D
DATA300,student733@example.com,Student733,Last733,54,C
DATA300,student734@example.com,Student734,Last734,96,A
DATA200,student735@example.com,Student735,Last735,56,A
DATA200,student736@example.com,Student736,Last736,81,F
DATA300,student737@example.com,Student737,Last737,52,C
DATA200,student738@example.com,Student738,Last738,91,B
DATA300,student739@example.com,Student739,Last739,97,A
DATA400,student740@example.com,Student740,Last740,71,D
DATA400,student741@example.com,Student741,Last741,94,A
DATA200,student742@example.com,Student742,Last742,55,F
DATA200,student743@example.com,Student743,Last743,81,D
DATA300,student744@example.com,Student744,Last744,86,D
DATA300,student745@example.com,Student745,Last745,64,A
DATA400,student746@example.com,Student746,Last746,88,C
DATA200,student747@example.com,Student747,Last747,87,A
DATA400,student748@example.com,Student748,Last748,99,B
DATA400,student749@example.com,Student749,Last749,57,A
DATA400,student750@example.com,Student750,Last750,55,D
DATA300,student751@example.com,Student751,Last751,61,F
DATA300,student752@example.com,Student752,Last752,52,C
DATA400,student753@example.com,Student753,Last753,89,F
DATA400,student754@example.com,Student754,Last754,81,A
DATA300,student755@example.com,Student755,Last755,63,A
DATA400,student756@example.com,Student756,Last756,55,C
DATA200,student757@example.com,Student757,Last757,93,D
DATA200,student758@example.com,Student758,Last758,72,A
DATA400,student759@example.com,Student759,Last759,54,C
DATA400,student760@example.com,Student760,Last760,94,A
DATA200,student761@example.com,Student761,Last761,55,F
DATA200,student762@example.com,Student762,Last762,75,B
DATA200,student763@example.com,Student763,Last763,85,C
DATA300,student764@example.com,Student764,Last764,52,C
DATA400,student765@example.com,Student765,Last765,81,C
DATA300,student766@example.com,Student766,Last766,62,A
DATA400,student767@example.com,Student767,Last767,97,A
DATA300,student768@example.com,Student768,Last768,99,F
DATA200,student769@example.com,Student769,Last769,63,C
DATA200,student770@example.com,Student770,Last770,80,D
DATA300,student771@example.com,Student771,Last771,86,B
DATA400,student772@example.com,Student772,Last772,59,A
DATA300,student773@example.com,Student773,Last773,79,A
DATA300,student774@example.com,Student774,Last774,72,A
DATA400,student775@example.com,Student775,Last775,74,F
DATA200,student776@example.com,Student776,Last776,75,F
DATA300,student777@example.com,Student777,Last777,86,A
DATA400,student778@example.com,Student778,Last778,96,D
DATA200,student779@example.com,Student779,Last779,98,C
DATA200,student780@example.com,Student780,Last780,50,C
DATA400,student781@example.com,Student781,Last781,71,D
DATA400,student782@example.com,Student782,Last782,62,F
DATA400,student783@example.com,Student783,Last783,92,F
DATA200,student784@example.com,Student784,Last784,62,D
DATA400,student785@example.com,Student785,Last785,87,D
DATA200,student786@example.com,Student786,Last786,77,A
DATA300,student787@example.com,Student787,Last787,73,D
DATA200,student788@example.com,Student788,Last788,63,A
DATA300,student789@example.com,Student789,Last789,71,C
DATA300,student790@example.com,Student790,Last790,86,B
DATA400,student791@example.com,Student791,Last791,78,B
DATA400,student792@example.com,Student792,Last792,81,B
DATA400,student793@example.com,Student793,Last793,86,C
DATA400,student794@example.com,Student794,Last794,81,B
DATA300,student795@example.com,Student795,Last795,74,F
DATA300,student796@example.com,Student796,Last796,59,D
DATA200,student797@example.com,Student797,Last797,81,B
DATA300,student798@example.com,Student798,Last798,68,A
DATA400,student799@example.com,Student799,Last799,100,D
DATA200,student800@example.com,Student800,Last800,94,A
DATA300,student801@example.com,Student801,Last801,74,B
DATA400,student802@example.com,Student802,Last802,92,A
DATA200,student803@example.com,Student803,Last803,82,D
DATA200,student804@example.com,Student804,Last804,53,C
DATA300,student805@example.com,Student805,Last805,82,D
DATA300,student806@example.com,Student806,Last806,87,A
DATA400,student807@example.com,Student807,Last807,80,B
DATA400,student808@example.com,Student808,Last808,94,B
DATA400,student809@example.com,Student809,Last809,95,F
DATA300,student810@example.com,Student810,Last810,87,B
DATA200,student811@example.com,Student811,Last811,74,B
DATA200,student812@example.com,Student812,Last812,79,B
DATA200,student813@example.com,Student813,Last813,51,C
DATA300,student814@example.com,Student814,Last814,89,A
DATA200,student815@example.com,Student815,Last815,90,B
DATA300,student816@example.com,Student816,Last816,61,A
DATA200,student817@example.com,Student817,Last817,98,F
DATA300,student818@example.com,Student818,Last818,54,F
DATA300,student819@example.com,Student819,Last819,84,A
DATA400,student820@example.com,Student820,Last820,70,F
DATA200,student821@example.com,Student821,Last821,52,F
DATA200,student822@example.com,Student822,Last822,75,A
DATA300,student823@example.com,Student823,Last823,100,D
DATA400,student824@example.com,Student824,Last824,64,C
DATA300,student825@example.com,Student825,Last825,56,A
DATA200,student826@example.com,Student826,Last826,88,B
DATA400,student827@example.com,Student827,Last827,99,C
DATA300,student828@example.com,Student828,Last828,71,C
DATA200,student829@example.com,Student829,Last829,91,F
DATA200,student830@example.com,Student830,Last830,52,F
DATA300,student831@example.com,Student831,Last831,70,F
DATA400,student832@example.com,Student832,Last832,89,A
DATA400,student833@example.com,Student833,Last833,69,B
DATA300,student834@example.com,Student834,Last834,93,B
DATA400,student835@example.com,Student835,Last835,65,C
DATA200,student836@example.com,Student836,Last836,50,C
DATA400,student837@example.com,Student837,Last837,72,D
DATA400,student838@example.com,Student838,Last838,64,D
DATA200,student839@example.com,Student839,Last839,99,A
DATA200,student840@example.com,Student840,Last840,100,F
DATA200,student841@example.com,Student841,Last841,58,C
DATA300,student842@example.com,Student842,Last842,76,D
DATA300,student843@example.com,Student843,Last843,67,C
DATA400,student844@example.com,Student844,Last844,75,C
DATA300,student845@example.com,Student845,Last845,60,B
DATA300,student846@example.com,Student846,Last846,96,D
DATA400,student847@example.com,Student847,Last847,90,C
DATA400,student848@example.com,Student848,Last848,58,B
DATA400,student849@example.com,Student849,Last849,83,A
DATA400,student850@example.com,Student850,Last850,58,B
DATA200,student851@example.com,Student851,Last851,53,F
DATA200,student852@example.com,Student852,Last852,99,A
DATA200,student853@example.com,Student853,Last853,76,D
DATA200,student854@example.com,Student854,Last854,91,D
DATA400,student855@example.com,Student855,Last855,52,D
DATA200,student856@example.com,Student856,Last856,50,F
DATA400,student857@example.com,Student857,Last857,83,B
DATA400,student858@example.com,Student858,Last858,71,B
DATA300,student859@example.com,Student859,Last859,96,C
DATA200,student860@example.com,Student860,Last860,69,A
DATA400,student861@example.com,Student861,Last861,96,A
DATA200,student862@example.com,Student862,Last862,84,A
DATA200,student863@example.com,Student863,Last863,98,A
DATA300,student864@example.com,Student864,Last864,94,B
DATA400,student865@example.com,Student865,Last865,85,C
DATA200,student866@example.com,Student866,Last866,71,C
DATA200,student867@example.com,Student867,Last867,79,D
DATA400,student868@example.com,Student868,Last868,99,F
DATA200,student869@example.com,Student869,Last869,60,B
DATA200,student870@example.com,Student870,Last870,89,C
DATA400,student871@example.com,Student871,Last871,96,C
DATA200,student872@example.com,Student872,Last872,83,B
DATA300,student873@example.com,Student873,Last873,84,A
DATA300,student874@example.com,Student874,Last874,61,A
DATA200,student875@example.com,Student875,Last875,96,B
DATA200,student876@example.com,Student876,Last876,87,B
DATA400,student877@example.com,Student877,Last877,86,B
DATA300,student878@example.com,Student878,Last878,100,D
DATA400,student879@example.com,Student879,Last879,88,D
DATA300,student880@example.com,Student880,Last880,92,F
DATA200,student881@example.com,Student881,Last881,73,A
DATA200,student882@example.com,Student882,Last882,80,C
DATA400,student883@example.com,Student883,Last883,93,C
DATA400,student884@example.com,Student884,Last884,90,F
DATA400,student885@example.com,Student885,Last885,88,F
DATA300,student886@example.com,Student886,Last886,77,B
DATA400,student887@example.com,Student887,Last887,56,F
DATA300,student888@example.com,Student888,Last888,85,B
DATA400,student889@example.com,Student889,Last889,56,A
DATA400,student890@example.com,Student890,Last890,76,A
DATA200,student891@example.com,Student891,Last891,100,C
DATA300,student892@example.com,Student892,Last892,57,D
DATA400,student893@example.com,Student893,Last893,60,D
DATA300,student894@example.com,Student894,Last894,94,A
DATA400,student895@example.com,Student895,Last895,72,F
DATA400,student896@example.com,Student896,Last896,57,F
DATA400,student897@example.com,Student897,Last897,76,F
DATA200,student898@example.com,Student898,Last898,98,C
DATA300,student899@example.com,Student899,Last899,64,C
DATA300,student900@example.com,Student900,Last900,87,D
DATA200,student901@example.com,Student901,Last901,89,F
DATA400,student902@example.com,Student902,Last902,71,F
DATA400,student903@example.com,Student903,Last903,59,D
DATA200,student904@example.com,Student904,Last904,55,A
DATA400,student905@example.com,Student905,Last905,90,F
DATA400,student906@example.com,Student906,Last906,79,C
DATA400,student907@example.com,Student907,Last907,55,C
DATA200,student908@example.com,Student908,Last908,58,C
DATA300,student909@example.com,Student909,Last909,71,D
DATA400,student910@example.com,Student910,Last910,87,A
DATA300,student911@example.com,Student911,Last911,74,B
DATA400,student912@example.com,Student912,Last912,67,C
DATA300,student913@example.com,Student913,Last913,100,B
DATA200,student914@example.com,Student914,Last914,95,C
DATA400,student915@example.com,Student915,Last915,86,D
DATA200,student916@example.com,Student916,Last916,61,C
DATA400,student917@example.com,Student917,Last917,79,D
DATA400,student918@example.com,Student918,Last918,60,D
DATA200,student919@example.com,Student919,Last919,53,A
DATA200,student920@example.com,Student920,Last920,88,A
DATA400,student921@example.com,Student921,Last921,70,F
DATA300,student922@example.com,Student922,Last922,68,A
DATA300,student923@example.com,Student923,Last923,63,C
DATA400,student924@example.com,Student924,Last924,92,B
DATA200,student925@example.com,Student925,Last925,87,B
DATA300,student926@example.com,Student926,Last926,90,C
DATA400,student927@example.com,Student927,Last927,77,D
DATA400,student928@example.com,Student928,Last928,69,B
DATA400,student929@example.com,Student929,Last929,82,A
DATA200,student930@example.com,Student930,Last930,51,D
DATA400,student931@example.com,Student931,Last931,98,C
DATA400,student932@example.com,Student932,Last932,51,F
DATA200,student933@example.com,Student933,Last933,59,B
DATA200,student934@example.com,Student934,Last934,74,A
DATA300,student935@example.com,Student935,Last935,100,F
DATA300,student936@example.com,Student936,Last936,72,D
DATA400,student937@example.com,Student937,Last937,95,F
DATA300,student938@example.com,Student938,Last938,71,B
DATA300,student939@example.com,Student939,Last939,56,B
DATA400,student940@example.com,Student940,Last940,81,B
DATA200,student941@example.com,Student941,Last941,55,C
DATA300,student942@example.com,Student942,Last942,56,C
DATA200,student943@example.com,Student943,Last943,86,A
DATA200,student944@example.com,Student944,Last944,75,B
DATA200,student945@example.com,Student945,Last945,94,C
DATA300,student946@example.com,Student946,Last946,65,C
DATA400,student947@example.com,Student947,Last947,96,D
DATA200,student948@example.com,Student948,Last948,92,D
DATA400,student949@example.com,Student949,Last949,100,A
DATA400,student950@example.com,Student950,Last950,96,A
DATA400,student951@example.com,Student951,Last951,69,A
DATA200,student952@example.com,Student952,Last952,53,F
DATA400,student953@example.com,Student953,Last953,90,C
DATA300,student954@example.com,Student954,Last954,100,F
DATA300,student955@example.com,Student955,Last955,55,B
DATA200,student956@example.com,Student956,Last956,87,B
DATA300,student957@example.com,Student957,Last957,78,C
DATA300,student958@example.com,Student958,Last958,73,A
DATA200,student959@example.com,Student959,Last959,74,F
DATA300,student960@example.com,Student960,Last960,60,B
DATA300,student961@example.com,Student961,Last961,73,F
DATA300,student962@example.com,Student962,Last962,88,F
DATA300,student963@example.com,Student963,Last963,55,B
DATA200,student964@example.com,Student964,Last964,85,A
DATA300,student965@example.com,Student965,Last965,93,A
DATA400,student966@example.com,Student966,Last966,76,F
DATA300,student967@example.com,Student967,Last967,73,C
DATA200,student968@example.com,Student968,Last968,69,F
DATA300,student969@example.com,Student969,Last969,59,C
DATA400,student970@example.com,Student970,Last970,67,A
DATA400,student971@example.com,Student971,Last971,64,A
DATA400,student972@example.com,Student972,Last972,84,C
DATA400,student973@example.com,Student973,Last973,76,F
DATA400,student974@example.com,Student974,Last974,59,C
DATA200,student975@example.com,Student975,Last975,99,D
DATA400,student976@example.com,Student976,Last976,87,A
DATA200,student977@example.com,Student977,Last977,59,F
DATA300,student978@example.com,Student978,Last978,69,F
DATA400,student979@example.com,Student979,Last979,59,B
DATA300,student980@example.com,Student980,Last980,96,D
DATA400,student981@example.com,Student981,Last981,63,A
DATA300,student982@example.com,Student982,Last982,96,D
DATA200,student983@example.com,Student983,Last983,74,F
DATA200,student984@example.com,Student984,Last984,100,F
DATA200,student985@example.com,Student985,Last985,92,B
DATA300,student986@example.com,Student986,Last986,80,D
DATA200,student987@example.com,Student987,Last987,50,A
DATA200,student988@example.com,Student988,Last988,76,B
DATA200,student989@example.com,Student989,Last989,88,C
DATA200,student990@example.com,Student990,Last990,96,C
DATA400,student991@example.com,Student991,Last991,62,C
DATA300,student992@example.com,Student992,Last992,54,A
DATA400,student993@example.com,Student993,Last993,86,A
DATA200,student994@example.com,Student994,Last994,93,D
DATA200,student995@example.com,Student995,Last995,80,A
DATA400,student996@example.com,Student996,Last996,97,F
DATA200,student997@example.com,Student997,Last997,100,F
DATA200,student998@example.com,Student998,Last998,86,C
DATA400,student999@example.com,Student999,Last999,64,A
DATA400,student1000@example.com,Student1000,Last1000,81,A
DATA200,john@example.com,John,Doe,95,A
DATA200,alice@example.com,Alice,Brown,80,B
DATA200,john@example.com,John,Doe,95,A
DATA200,alice@example.com,Alice,Johnson,75,C
